Use Goods
go

insert into staffinfo values('10001','sdfads','女',23,'sell');
insert into staffinfo values('10002','sasdsd','男',22,'sell');
insert into staffinfo values('10003','qefvdvds','女',17,'sell');
insert into staffinfo values('10004','sdvchy','女',30,'sell');
insert into staffinfo values('10005','modfg','男',29,'sell');
insert into staffinfo values('10006','wevcffgb','女',37,'sell');
insert into staffinfo values('10007','sgth','女',25,'sell');
insert into staffinfo values('10008','werrt','女',22,'sell');
insert into staffinfo values('10009','jmynhjy','女',17,'sell');
insert into staffinfo values('10010','dcdcwec','女',23,'sell');
insert into staffinfo values('10011','regtg','男',35,'sell');
insert into staffinfo values('10012','sdctg','男',23,'sell');
insert into staffinfo values('10013','vadfg','女',40,'sell');
insert into staffinfo values('10014','jfgvd','男',36,'sell');
insert into staffinfo values('10015','wefewc','女',33,'sell');
insert into staffinfo values('10016','xcvgdf','女',31,'sell');
insert into staffinfo values('10017','xcgvdcw','女',21,'sell');
insert into staffinfo values('10018','qewdsx','男',23,'sell');
insert into staffinfo values('10019','fght','女',19,'sell');
insert into staffinfo values('10020','uyjybt','女',23,'sell');
insert into staffinfo values('10021','acwe','男',18,'sell');
insert into staffinfo values('10022','wcdc','女',26,'sell');
insert into staffinfo values('10023','dxff','女',23,'root');
insert into staffinfo values('10024','sterfc','男',23,'root');
insert into staffinfo values('10025','asdf','女',23,'staff');
insert into staffinfo values('10026','waerwefc','女',26,'staff');
insert into staffinfo values('10027','cadfr','男',23,'stock');
insert into staffinfo values('10028','asfwefw','女',20,'stock');
insert into staffinfo values('10029','asdcver','女',27,'stock');
insert into staffinfo values('10030','AWD','男',24,'stock');

insert into goodsphoto values('30001','.\barcode\barcode1.jpg');
insert into goodsphoto values('30002','.\barcode\barcode1.jpg');
insert into goodsphoto values('30003','.\barcode\barcode2.jpg');
insert into goodsphoto values('30004','.\barcode\barcode2.jpg');
insert into goodsphoto values('30005','.\barcode\barcode1.jpg');
insert into goodsphoto values('30006','.\barcode\barcode1.jpg');
insert into goodsphoto values('30007','.\barcode\barcode3.jpg');
insert into goodsphoto values('30008','.\barcode\barcode1.jpg');
insert into goodsphoto values('30009','.\barcode\barcode3.jpg');
insert into goodsphoto values('30010','.\barcode\barcode1.jpg');
insert into goodsphoto values('30011','.\barcode\barcode3.jpg');
insert into goodsphoto values('30012','.\barcode\barcode1.jpg');
insert into goodsphoto values('30013','.\barcode\barcode3.jpg');
insert into goodsphoto values('30014','.\barcode\barcode1.jpg');
insert into goodsphoto values('30015','.\barcode\barcode1.jpg');
insert into goodsphoto values('30016','.\barcode\barcode2.jpg');
insert into goodsphoto values('30017','.\barcode\barcode2.jpg');
insert into goodsphoto values('30018','.\barcode\barcode2.jpg');
insert into goodsphoto values('30019','.\barcode\barcode1.jpg');
insert into goodsphoto values('30020','.\barcode\barcode3.jpg');
insert into goodsphoto values('30021','.\barcode\barcode1.jpg');
insert into goodsphoto values('30022','.\barcode\barcode3.jpg');
insert into goodsphoto values('30023','.\barcode\barcode3.jpg');
insert into goodsphoto values('30024','.\barcode\barcode3.jpg');
insert into goodsphoto values('30025','.\barcode\barcode2.jpg');
insert into goodsphoto values('30026','.\barcode\barcode1.jpg');
insert into goodsphoto values('30027','.\barcode\barcode1.jpg');
insert into goodsphoto values('30028','.\barcode\barcode1.jpg');
insert into goodsphoto values('30029','.\barcode\barcode3.jpg');
insert into goodsphoto values('30030','.\barcode\barcode1.jpg');

insert into goodsInfo values('20001','肥皂',200,'30001');
insert into goodsInfo values('20002','脸盆',222,'30002');
insert into goodsInfo values('20003','毛巾',249,'30003');
insert into goodsInfo values('20004','刷子',500,'30004');
insert into goodsInfo values('20005','畚斗',199,'30005');
insert into goodsInfo values('20006','垃圾桶',23,'30006');
insert into goodsInfo values('20007','洗面奶',68,'30007');
insert into goodsInfo values('20008','椅子',46,'30008');
insert into goodsInfo values('20009','桌子',23,'30009');
insert into goodsInfo values('20010','餐巾纸',1000,'30010');
insert into goodsInfo values('20011','扫把',58,'30011');
insert into goodsInfo values('20012','拖把',80,'30012');
insert into goodsInfo values('20013','垃圾袋',8,'30013');
insert into goodsInfo values('20014','牛奶',60,'30014');
insert into goodsInfo values('20015','牛肉粒',15,'30015');
insert into goodsInfo values('20016','果冻',3,'30016');


insert into sellInfo values('40001','2015-06-23',2,6,'20001','10001');
insert into sellInfo values('40002','2015-05-23',2,40,'20002','10002');
insert into sellInfo values('40003','2015-04-23',2,34,'20003','10003');
insert into sellInfo values('40004','2015-03-23',2,16,'20004','10004');
insert into sellInfo values('40005','2015-02-23',2,67,'20005','10005');
insert into sellInfo values('40006','2015-01-23',2,89,'20006','10006');
insert into sellInfo values('40007','2015-06-18',2,10,'20007','10007');
insert into sellInfo values('40008','2015-06-12',2,11,'20008','10008');
insert into sellInfo values('40009','2015-06-23',2,6,'20001','10001');
insert into sellInfo values('40010','2015-05-23',2,40,'20002','10002');
insert into sellInfo values('40011','2015-04-23',2,34,'20003','10003');
insert into sellInfo values('40012','2015-03-23',2,16,'20004','10004');
insert into sellInfo values('40013','2015-02-23',2,67,'20005','10005');
insert into sellInfo values('40014','2015-01-23',2,89,'20006','10006');
insert into sellInfo values('40015','2015-06-18',2,10,'20007','10007');
insert into sellInfo values('40016','2015-06-12',2,11,'20008','10008');
insert into sellInfo values('40017','2015-06-23',2,6,'20001','10001');
insert into sellInfo values('40018','2015-05-23',2,40,'20002','10002');
insert into sellInfo values('40019','2015-04-23',2,34,'20003','10003');
insert into sellInfo values('40020','2015-03-23',2,16,'20004','10004');
insert into sellInfo values('40021','2015-02-23',2,67,'20005','10005');
insert into sellInfo values('40022','2015-01-23',2,89,'20006','10006');
insert into sellInfo values('40023','2015-06-18',2,10,'20007','10007');
insert into sellInfo values('40024','2015-06-12',2,11,'20008','10008');
insert into sellInfo values('40025','2015-04-23',2,34,'20003','10003');
insert into sellInfo values('40026','2015-03-23',2,16,'20004','10004');
insert into sellInfo values('40027','2015-02-23',2,67,'20005','10005');
insert into sellInfo values('40028','2015-01-23',2,89,'20006','10006');
insert into sellInfo values('40029','2015-06-18',2,10,'20007','10007');
insert into sellInfo values('40030','2015-06-12',2,11,'20008','10008');


insert into stockInfo values('50001','2014-12-20',100,'20001','10001');
insert into stockInfo values('50002','2014-12-19',100,'20002','10001');
insert into stockInfo values('50003','2014-12-18',100,'20003','10001');
insert into stockInfo values('50004','2014-12-20',100,'20004','10001');
insert into stockInfo values('50005','2014-12-21',100,'20005','10001');
insert into stockInfo values('50006','2014-12-22',100,'20006','10002');
insert into stockInfo values('50007','2014-12-20',100,'20007','10002');
insert into stockInfo values('50008','2014-12-19',100,'20008','10002');
insert into stockInfo values('50009','2014-12-18',100,'20009','10002');
insert into stockInfo values('50010','2014-12-20',100,'20010','10002');
insert into stockInfo values('50011','2014-12-21',100,'20011','10002');
insert into stockInfo values('50012','2014-12-22',100,'20012','10003');
insert into stockInfo values('50013','2014-12-20',100,'20013','10003');
insert into stockInfo values('50014','2014-12-19',100,'20014','10003');
insert into stockInfo values('50015','2014-12-18',100,'20015','10003');
insert into stockInfo values('50016','2014-12-20',100,'20016','10003');
